-- phpMyAdmin SQL Dump
-- version 5.2.1
-- https://www.phpmyadmin.net/
--
-- Servidor: 127.0.0.1
-- Tiempo de generación: 05-11-2024 a las 19:39:52
-- Versión del servidor: 10.4.28-MariaDB
-- Versión de PHP: 8.2.4

SET SQL_MODE = "NO_AUTO_VALUE_ON_ZERO";
START TRANSACTION;
SET time_zone = "+00:00";


/*!40101 SET @OLD_CHARACTER_SET_CLIENT=@@CHARACTER_SET_CLIENT */;
/*!40101 SET @OLD_CHARACTER_SET_RESULTS=@@CHARACTER_SET_RESULTS */;
/*!40101 SET @OLD_COLLATION_CONNECTION=@@COLLATION_CONNECTION */;
/*!40101 SET NAMES utf8mb4 */;

--
-- Base de datos: `datos_nba`
--
CREATE DATABASE IF NOT EXISTS `datos_nba` DEFAULT CHARACTER SET utf8mb4 COLLATE utf8mb4_general_ci;
USE `datos_nba`;

-- --------------------------------------------------------

--
-- Estructura de tabla para la tabla `conferencias`
--

CREATE TABLE `conferencias` (
  `id` tinyint(11) NOT NULL,
  `Nombre` varchar(30) NOT NULL
) ENGINE=InnoDB DEFAULT CHARSET=utf8mb4 COLLATE=utf8mb4_general_ci;

--
-- Volcado de datos para la tabla `conferencias`
--

INSERT INTO `conferencias` (`id`, `Nombre`) VALUES
(1, 'Este'),
(2, 'Oeste');

-- --------------------------------------------------------

--
-- Estructura de tabla para la tabla `datos_jugadores`
--

CREATE TABLE `datos_jugadores` (
  `id` int(11) NOT NULL,
  `Nombre` varchar(50) NOT NULL,
  `Dorsal` tinyint(11) NOT NULL,
  `Posicion` tinyint(11) NOT NULL,
  `Edad` tinyint(11) NOT NULL,
  `Estatura` decimal(4,2) NOT NULL,
  `Peso` tinyint(11) NOT NULL,
  `Universidad` smallint(11) NOT NULL,
  `Salario` int(15) NOT NULL,
  `Equipo` tinyint(11) NOT NULL
) ENGINE=InnoDB DEFAULT CHARSET=utf8mb4 COLLATE=utf8mb4_general_ci;

--
-- Volcado de datos para la tabla `datos_jugadores`
--

INSERT INTO `datos_jugadores` (`id`, `Nombre`, `Dorsal`, `Posicion`, `Edad`, `Estatura`, `Peso`, `Universidad`, `Salario`, `Equipo`) VALUES
(1, 'Jaylen Brown', 7, 2, 27, 1.98, 99, 2, 49205800, 1),
(2, 'JD Davison', 20, 2, 22, 1.91, 88, 3, 0, 1),
(3, 'Ron Harper Jr.', 51, 2, 24, 1.96, 108, 4, 0, 1),
(4, 'Sam Hauser', 30, 3, 26, 2.03, 97, 5, 2092344, 1),
(5, 'Jrue Holiday', 4, 1, 34, 1.96, 99, 6, 30000000, 1),
(6, 'Al Horford', 42, 5, 38, 2.06, 108, 7, 9500000, 1),
(7, 'Luke Kornet', 40, 5, 29, 2.18, 113, 8, 2087519, 1),
(8, 'Drew Peterson', 13, 3, 24, 2.03, 87, 9, 0, 1),
(9, 'Kristaps Porzingis', 8, 5, 29, 2.21, 108, 141, 29268293, 1),
(10, 'Payton Pritchard', 11, 1, 26, 1.88, 86, 10, 6696429, 1),
(11, 'Neemias Queta', 88, 5, 25, 2.13, 111, 11, 2162606, 1),
(12, 'Baylor Scheierman', 55, 3, 24, 1.98, 92, 12, 2494320, 1),
(13, 'Dmytro Skapintsev', 10, 5, 26, 2.13, 126, 13, 0, 1),
(14, 'Jaden Springer', 44, 2, 22, 1.93, 92, 14, 4018580, 1),
(15, 'Jayson Tatum', 0, 3, 26, 2.03, 95, 15, 34848340, 1),
(16, 'Xavier Tillman', 26, 3, 25, 2.03, 111, 16, 2237691, 1),
(17, 'Lonnie Walker IV', 12, 2, 25, 1.93, 92, 17, 2087519, 1),
(18, 'Jordan Walsh', 27, 2, 20, 2.01, 92, 18, 1891857, 1),
(19, 'Anton Watson', 28, 3, 24, 2.03, 106, 19, 0, 1),
(20, 'Derrick White', 9, 1, 30, 1.93, 88, 20, 20017429, 1),
(21, 'Amari Bailey', 19, 2, 20, 1.93, 85, 6, 0, 2),
(22, 'Bojan Bogdanovic', 44, 3, 35, 2.01, 104, 141, 19032850, 2),
(23, 'Nic Claxton', 33, 5, 25, 2.11, 102, 21, 27556817, 2),
(24, 'Noah Clowney', 21, 3, 20, 2.06, 104, 3, 3244080, 2),
(25, 'Yongxi Cui', 8, 2, 21, 1.98, 95, 0, 0, 2),
(26, 'Dorian Finney-Smith', 28, 4, 31, 2.01, 102, 7, 14924168, 2),
(27, 'Killian Hayes', 4, 2, 23, 1.96, 95, 141, 0, 2),
(28, 'Cameron Johnson', 2, 3, 28, 2.03, 102, 22, 22500000, 2),
(29, 'Keon Johnson', 45, 2, 22, 1.93, 87, 14, 2162606, 2),
(30, 'Jaylen Martin', 16, 2, 20, 1.96, 99, 141, 0, 2),
(31, 'Tyrese Martin', 22, 2, 25, 1.98, 97, 23, 0, 2),
(32, 'Shake Milton', 7, 2, 28, 1.96, 96, 24, 2875000, 2),
(33, 'Dennis Schroder', 17, 1, 31, 1.91, 80, 141, 13025250, 2),
(34, 'Day\'Ron Sharpe', 20, 5, 22, 2.06, 120, 22, 3989122, 2),
(35, 'Ben Simmons', 10, 1, 28, 2.08, 108, 25, 40338144, 2),
(36, 'Cam Thomas', 24, 2, 22, 1.91, 97, 25, 4041249, 2),
(37, 'Trendon Watford', 9, 4, 23, 2.06, 109, 25, 2726603, 2),
(38, 'Dariq Whitehead', 0, 3, 20, 1.98, 101, 15, 3114240, 2),
(39, 'Ziaire Williams', 8, 3, 23, 2.06, 92, 26, 6133005, 2),
(40, 'Jalen Wilson', 22, 3, 23, 1.98, 104, 27, 1891857, 2),
(41, 'Precious Achiuwa', 5, 4, 25, 2.03, 110, 28, 6000000, 3),
(42, 'OG Anunoby', 8, 3, 27, 2.01, 108, 29, 36637931, 3),
(43, 'Damion Baugh', 10, 2, 24, 1.93, 87, 95, 0, 3),
(44, 'Mikal Bridges', 25, 3, 28, 1.98, 94, 30, 23300000, 3),
(45, 'Jalen Brunson', 11, 1, 28, 1.88, 86, 30, 24960001, 3),
(46, 'Pacome Dadiet', 0, 2, 19, 2.01, 90, 141, 1808080, 3),
(47, 'Josh Hart', 3, 2, 29, 1.93, 97, 30, 18144000, 3),
(48, 'Ariel Hukporti', 0, 5, 22, 2.11, 111, 141, 0, 3),
(49, 'Tyler Kolek', 0, 2, 23, 1.85, 88, 31, 2087519, 3),
(50, 'Miles McBride', 2, 1, 24, 1.85, 88, 32, 4710144, 3),
(51, 'Kevin McCullar Jr.', 0, 3, 23, 1.96, 93, 27, 0, 3),
(52, 'Alex O\'Connell', 0, 2, 25, 1.98, 83, 12, 0, 3),
(53, 'Chuma Okeke', 0, 3, 26, 2.01, 103, 33, 0, 3),
(54, 'Cameron Payne', 22, 1, 30, 1.91, 83, 34, 2087519, 3),
(55, 'Mitchell Robinson', 23, 5, 26, 2.13, 108, 141, 14318182, 3),
(56, 'Landry Shamet', 20, 2, 27, 1.93, 86, 35, 2087519, 3),
(57, 'Jericho Sims', 20, 5, 25, 2.08, 113, 36, 2092344, 3),
(58, 'Jacob Toppin', 0, 3, 24, 2.03, 90, 37, 0, 3),
(59, 'Karl-Anthony Towns', 32, 5, 28, 2.13, 112, 37, 49205800, 3),
(60, 'T.J. Warren', 21, 3, 31, 2.03, 99, 38, 0, 3),
(61, 'Adem Bona', 30, 5, 21, 2.08, 106, 6, 1157153, 4),
(62, 'Ricky Council IV', 14, 2, 23, 1.98, 93, 18, 1891857, 4),
(63, 'Jeff Dowtin Jr.', 11, 2, 27, 1.91, 80, 39, 2196970, 4),
(64, 'Andre Drummond', 5, 5, 31, 2.11, 126, 23, 5000000, 4),
(65, 'Justin Edwards', 19, 3, 20, 2.01, 92, 37, 0, 4),
(66, 'Joel Embiid', 21, 5, 30, 2.13, 127, 27, 51415938, 4),
(67, 'Max Fiedler', 51, 3, 23, 2.11, 104, 40, 0, 4),
(68, 'Max Fielder', 99, 5, 23, 2.11, 104, 40, 0, 4),
(69, 'Paul George', 8, 3, 34, 2.03, 99, 41, 49205800, 4),
(70, 'Eric Gordon', 23, 2, 35, 1.91, 97, 29, 3303771, 4),
(71, 'Reggie Jackson', 0, 1, 34, 1.88, 94, 42, 2087519, 4),
(72, 'Kyle Lowry', 7, 1, 38, 1.83, 88, 30, 2087519, 4),
(73, 'Caleb Martin', 16, 3, 29, 1.96, 92, 43, 8149001, 4),
(74, 'KJ Martin', 1, 3, 23, 1.98, 97, 141, 7975000, 4),
(75, 'Tyrese Maxey', 0, 1, 23, 1.88, 90, 37, 35147000, 4),
(76, 'Jared McCain', 20, 2, 20, 1.91, 88, 15, 4032240, 4),
(77, 'Judah Mintz', 33, 2, 21, 1.91, 83, 44, 0, 4),
(78, 'Isaiah Mobley', 35, 3, 25, 2.03, 107, 9, 0, 4),
(79, 'Kelly Oubre Jr.', 9, 2, 28, 2.03, 92, 27, 7983000, 4),
(80, 'Lester Quinones', 25, 2, 23, 1.96, 94, 28, 0, 4),
(81, 'Jordan Tucker', 22, 3, 26, 1.98, 95, 45, 0, 4),
(82, 'Guerschon Yabusele', 28, 3, 28, 2.03, 120, 141, 2087519, 4),
(83, 'Ochai Agbaji', 30, 2, 24, 1.96, 97, 27, 4310280, 5),
(84, 'Scottie Barnes', 4, 3, 23, 2.01, 107, 46, 10130980, 5),
(85, 'RJ Barrett', 9, 2, 24, 1.98, 97, 15, 25794643, 5),
(86, 'Jamison Battle', 77, 3, 23, 2.01, 99, 47, 0, 5),
(87, 'Chris Boucher', 25, 4, 31, 2.06, 90, 10, 10810000, 5),
(88, 'Bruce Brown', 11, 3, 28, 1.93, 91, 17, 23000000, 5),
(89, 'Branden Carlson', 35, 5, 25, 2.13, 99, 48, 0, 5),
(90, 'D.J. Carton', 3, 2, 24, 1.91, 90, 31, 0, 5),
(91, 'Ulrich Chomche', 22, 5, 18, 2.08, 105, 141, 0, 5),
(92, 'Gradey Dick', 1, 2, 20, 1.98, 90, 27, 4763760, 5),
(93, 'Bruno Fernando', 0, 3, 26, 2.06, 108, 49, 2087519, 5),
(94, 'Davion Mitchell', 45, 1, 26, 1.83, 91, 50, 6451230, 5),
(95, 'Jonathan Mogbo', 2, 3, 22, 1.98, 102, 51, 1862265, 5),
(96, 'Kelly Olynyk', 41, 4, 33, 2.11, 108, 19, 12804878, 5),
(97, 'Jakob Poeltl', 19, 5, 28, 2.13, 117, 48, 19500000, 5),
(98, 'Immanuel Quickley', 5, 2, 25, 1.88, 86, 37, 32500000, 5),
(99, 'Jahmi\'us Ramsey', 37, 1, 23, 1.91, 86, 52, 0, 5),
(100, 'Jared Rhoden', 0, 2, 25, 1.96, 95, 53, 0, 5),
(101, 'Jamal Shead', 23, 2, 22, 1.83, 91, 54, 1862265, 5),
(102, 'Garrett Temple', 17, 3, 38, 1.96, 88, 25, 2087519, 5),
(103, 'Ja\'Kobe Walter', 14, 2, 20, 1.93, 88, 50, 3565000, 5),
(104, 'Lonzo Ball', 2, 1, 26, 1.98, 89, 6, 21395348, 6),
(105, 'Onuralp Bitim', 17, 3, 25, 1.98, 92, 141, 1891857, 6),
(106, 'Matas Buzelis', 14, 3, 19, 2.08, 94, 141, 5195520, 6),
(107, 'Jevon Carter', 5, 1, 29, 1.85, 90, 32, 6500000, 6),
(108, 'Torrey Craig', 13, 3, 33, 2.01, 100, 55, 2845342, 6),
(109, 'Ayo Dosunmu', 11, 2, 24, 1.93, 90, 56, 7000000, 6),
(110, 'Chris Duarte', 27, 2, 27, 1.98, 86, 10, 5893768, 6),
(111, 'Josh Giddey', 3, 2, 21, 2.03, 95, 141, 8352367, 6),
(112, 'Talen Horton-Tucker', 22, 3, 23, 1.93, 105, 57, 0, 6),
(113, 'Zach LaVine', 8, 2, 29, 1.96, 92, 6, 43031940, 6),
(114, 'E.J. Liddell', 32, 3, 23, 2.01, 108, 47, 0, 6),
(115, 'Kenneth Lofton Jr.', 34, 3, 22, 1.98, 124, 58, 0, 6),
(116, 'Julian Phillips', 15, 3, 20, 2.03, 89, 14, 1891857, 6),
(117, 'Adama Sanogo', 21, 5, 22, 2.06, 111, 23, 0, 6),
(118, 'Jalen Smith', 25, 4, 24, 2.08, 106, 49, 8571429, 6),
(119, 'DJ Steward', 0, 2, 23, 1.88, 73, 15, 0, 6),
(120, 'Dalen Terry', 25, 3, 22, 2.01, 90, 59, 3510480, 6),
(121, 'Nikola Vucevic', 9, 5, 33, 2.08, 117, 9, 20000000, 6),
(122, 'Coby White', 0, 1, 24, 1.96, 93, 22, 12000000, 6),
(123, 'Patrick Williams', 44, 4, 23, 2.01, 104, 46, 18500000, 6),
(124, 'Jarrett Allen', 31, 5, 26, 2.11, 112, 36, 20000000, 7),
(125, 'Emoni Bates', 21, 3, 20, 2.06, 86, 60, 0, 7),
(126, 'Jules Bernard', 14, 2, 24, 1.98, 92, 6, 0, 7),
(127, 'Omar Cook', 0, 2, 42, 1.85, 86, 61, 0, 7),
(128, 'Darius Garland', 10, 1, 24, 1.85, 84, 8, 36725670, 7),
(129, 'Jacob Gilyard', 12, 1, 26, 1.75, 72, 62, 0, 7),
(130, 'Ty Jerome', 2, 2, 27, 1.96, 90, 5, 2560975, 7),
(131, 'Caris LeVert', 3, 2, 30, 1.98, 92, 63, 16615384, 7),
(132, 'Sam Merrill', 5, 2, 28, 1.93, 92, 11, 2164993, 7),
(133, 'Donovan Mitchell', 45, 2, 28, 1.91, 97, 64, 35410310, 7),
(134, 'Evan Mobley', 4, 4, 23, 2.13, 97, 9, 11227809, 7),
(135, 'Pete Nance', 8, 4, 24, 2.11, 104, 22, 0, 7),
(136, 'Georges Niang', 20, 3, 31, 2.01, 106, 57, 8500000, 7),
(137, 'Isaac Okoro', 35, 3, 23, 1.96, 102, 33, 10185185, 7),
(138, 'Craig Porter Jr.', 9, 2, 24, 1.88, 83, 35, 1891857, 7),
(139, 'Zhaire Smith', 19, 2, 25, 1.91, 90, 52, 0, 7),
(140, 'Max Strus', 1, 2, 28, 1.96, 97, 65, 15212068, 7),
(141, 'Tristan Thompson', 13, 5, 33, 2.06, 113, 36, 2087519, 7),
(142, 'JT Thor', 15, 3, 22, 2.06, 97, 33, 1988598, 7),
(143, 'Luke Travers', 33, 2, 23, 2.01, 94, 141, 0, 7),
(144, 'Jaylon Tyson', 24, 3, 21, 1.98, 98, 2, 3326160, 7),
(145, 'Dean Wade', 32, 4, 27, 2.06, 99, 66, 6166667, 7),
(146, 'Malik Beasley', 5, 2, 27, 1.93, 84, 46, 6000000, 8),
(147, 'Cade Cunningham', 2, 1, 23, 1.98, 98, 67, 13940658, 8),
(148, 'Jalen Duren', 0, 5, 20, 2.08, 113, 28, 4536840, 8),
(149, 'Aaron Estrada', 29, 2, 23, 1.91, 86, 3, 0, 8),
(150, 'Tosan Evbuomwan', 20, 3, 23, 2.03, 99, 68, 0, 8),
(151, 'Simone Fontecchio', 19, 3, 28, 2.01, 90, 141, 7692308, 8),
(152, 'Tim Hardaway Jr.', 8, 3, 32, 1.96, 92, 63, 16193183, 8),
(153, 'Tobias Harris', 12, 3, 32, 2.06, 106, 14, 25365854, 8),
(154, 'Ron Holland II', 0, 3, 19, 2.01, 89, 141, 8245320, 8),
(155, 'Jaden Ivey', 23, 1, 22, 1.93, 88, 69, 7977240, 8),
(156, 'Daniss Jenkins', 24, 2, 23, 1.93, 83, 61, 0, 8),
(157, 'Bobi Klintman', 34, 3, 21, 2.06, 96, 70, 1257153, 8),
(158, 'Javante McCoy', 17, 2, 26, 1.96, 81, 71, 0, 8),
(159, 'Wendell Moore Jr.', 14, 2, 23, 1.96, 97, 15, 2537040, 8),
(160, 'Paul Reed', 7, 3, 25, 2.06, 95, 65, 7723000, 8),
(161, 'Marcus Sasser', 25, 2, 24, 1.88, 88, 54, 2755080, 8),
(162, 'Dereon Seabron', 18, 2, 24, 2.01, 81, 38, 0, 8),
(163, 'Tolu Smith', 35, 3, 24, 2.11, 111, 72, 0, 8),
(164, 'Lamar Stevens', 13, 3, 27, 1.98, 104, 73, 0, 8),
(165, 'Isaiah Stewart', 28, 5, 23, 2.06, 113, 74, 15000000, 8),
(166, 'Ausar Thompson', 9, 3, 21, 2.01, 97, 141, 8376000, 8),
(167, 'Kendall Brown', 10, 2, 21, 2.03, 90, 50, 2120693, 9),
(168, 'Enrique Freeman', 8, 3, 24, 2.01, 97, 75, 0, 9),
(169, 'Johnny Furphy', 12, 3, 19, 2.06, 85, 27, 1850842, 9),
(170, 'Tyrese Haliburton', 0, 1, 24, 1.96, 86, 57, 42176000, 9),
(171, 'Isaiah Jackson', 22, 3, 22, 2.08, 102, 37, 4435381, 9),
(172, 'Quenton Jackson', 29, 2, 26, 1.96, 79, 76, 0, 9),
(173, 'James Johnson', 16, 4, 37, 2.01, 108, 70, 2087519, 9),
(174, 'Bennedict Mathurin', 0, 2, 22, 1.98, 88, 59, 7245720, 9),
(175, 'T.J. McConnell', 9, 1, 32, 1.88, 86, 59, 9300000, 9),
(176, 'Andrew Nembhard', 2, 1, 24, 1.96, 87, 19, 2019699, 9),
(177, 'Aaron Nesmith', 23, 3, 24, 1.98, 97, 8, 11000000, 9),
(178, 'Tristen Newton', 4, 2, 23, 1.96, 86, 23, 0, 9),
(179, 'Ben Sheppard', 26, 2, 23, 1.98, 90, 77, 2663880, 9),
(180, 'Pascal Siakam', 43, 4, 30, 2.03, 104, 78, 42176000, 9),
(181, 'Cole Swider', 21, 3, 25, 2.03, 99, 44, 0, 9),
(182, 'Obi Toppin', 1, 4, 26, 2.06, 95, 79, 12946429, 9),
(183, 'Myles Turner', 33, 5, 28, 2.11, 113, 36, 19928500, 9),
(184, 'Jarace Walker', 5, 3, 21, 2.03, 106, 54, 6362520, 9),
(185, 'James Wiseman', 13, 5, 23, 2.13, 113, 28, 2237691, 9),
(186, 'James Akinjo', 23, 2, 23, 1.85, 86, 28, 0, 10),
(187, 'Giannis Antetokounmpo', 34, 4, 29, 2.11, 115, 141, 48787676, 10),
(188, 'MarJon Beauchamp', 3, 3, 23, 1.98, 92, 141, 2733720, 10),
(189, 'Pat Connaughton', 24, 2, 31, 1.96, 97, 80, 9423869, 10),
(190, 'AJ Green', 20, 2, 25, 1.93, 94, 81, 2120693, 10),
(191, 'Andre Jackson Jr.', 44, 2, 22, 2.01, 92, 23, 1891857, 10),
(192, 'AJ Johnson', 77, 2, 19, 1.96, 78, 141, 2795294, 10),
(193, 'Damian Lillard', 0, 1, 34, 1.91, 93, 82, 48787676, 10),
(194, 'Chris Livingston', 7, 3, 20, 1.98, 103, 37, 1891857, 10),
(195, 'Brook Lopez', 11, 5, 36, 2.16, 125, 26, 23000000, 10),
(196, 'Khris Middleton', 22, 3, 33, 2.01, 105, 76, 31666676, 10),
(197, 'Anzejs Pasecniks', 18, 5, 28, 2.16, 108, 141, 0, 10),
(198, 'Bobby Portis', 9, 3, 29, 2.08, 118, 18, 12578286, 10),
(199, 'Taurean Prince', 12, 4, 30, 1.98, 99, 50, 2087519, 10),
(200, 'Liam Robbins', 15, 5, 25, 2.13, 113, 8, 0, 10),
(201, 'Ryan Rollins', 13, 2, 22, 1.91, 86, 83, 0, 10),
(202, 'Tyler Smith', 21, 3, 19, 2.06, 101, 141, 1157153, 10),
(203, 'Gary Trent Jr.', 5, 2, 25, 1.93, 94, 15, 2087519, 10),
(204, 'Stanley Umude', 17, 2, 25, 1.98, 97, 18, 0, 10),
(205, 'Delon Wright', 55, 2, 32, 1.96, 83, 48, 2087519, 10),
(206, 'Trey Alexander', 23, 2, 21, 1.91, 84, 12, 0, 11),
(207, 'Christian Braun', 0, 2, 23, 1.98, 95, 27, 3089640, 11),
(208, 'Vlatko Cancar', 31, 3, 27, 2.03, 107, 141, 2087519, 11),
(209, 'Aaron Gordon', 32, 4, 29, 2.03, 106, 59, 22841455, 11),
(210, 'PJ Hall', 25, 5, 22, 2.03, 108, 84, 0, 11),
(211, 'DaRon Holmes II', 14, 5, 22, 2.06, 107, 79, 3065640, 11),
(212, 'Nikola Jokic', 15, 5, 29, 2.13, 127, 141, 51415938, 11),
(213, 'Spencer Jones', 21, 3, 23, 2.01, 102, 26, 0, 11),
(214, 'DeAndre Jordan', 6, 5, 36, 2.11, 120, 76, 2087519, 11),
(215, 'Jamal Murray', 27, 1, 27, 1.93, 97, 37, 36016200, 11),
(216, 'Zeke Nnaji', 22, 4, 23, 2.11, 108, 59, 8888889, 11),
(217, 'Jalen Pickett', 24, 2, 24, 1.93, 91, 85, 1891857, 11),
(218, 'Michael Porter Jr.', 1, 3, 26, 2.08, 98, 86, 35859950, 11),
(219, 'Dario Saric', 9, 4, 30, 2.08, 102, 141, 5168000, 11),
(220, 'Julian Strawther', 3, 2, 22, 2.01, 92, 19, 2552520, 11),
(221, 'Hunter Tyson', 5, 3, 24, 2.03, 97, 84, 1891857, 11),
(222, 'Peyton Watson', 8, 3, 22, 2.03, 90, 6, 2413560, 11),
(223, 'Russell Westbrook', 4, 1, 35, 1.93, 90, 6, 3303771, 11),
(224, 'Nickeil Alexander-Walker', 9, 2, 26, 1.96, 87, 87, 4312500, 12),
(225, 'Keita Bates-Diop', 31, 3, 28, 2.03, 103, 47, 2654644, 12),
(226, 'Jaylen Clark', 22, 2, 22, 1.93, 92, 6, 0, 12),
(227, 'Mike Conley', 10, 1, 36, 1.85, 80, 47, 9975962, 12),
(228, 'Donte DiVincenzo', 0, 2, 27, 1.96, 92, 30, 11445000, 12),
(229, 'Rob Dillingham', 4, 2, 19, 1.85, 74, 37, 6262920, 12),
(230, 'PJ Dozier', 35, 2, 27, 1.98, 92, 88, 2087519, 12),
(231, 'Anthony Edwards', 5, 2, 23, 1.93, 102, 21, 42176400, 12),
(232, 'Jesse Edwards', 14, 5, 24, 2.13, 105, 32, 0, 12),
(233, 'Luka Garza', 55, 5, 25, 2.08, 105, 57, 2162606, 12),
(234, 'Rudy Gobert', 27, 5, 32, 2.16, 116, 141, 43827587, 12),
(235, 'Joe Ingles', 7, 2, 37, 2.06, 106, 141, 2087519, 12),
(236, 'Skylar Mays', 13, 1, 27, 1.93, 92, 25, 0, 12),
(237, 'Jaden McDaniels', 3, 4, 24, 2.06, 91, 74, 23017242, 12),
(238, 'Leonard Miller', 33, 3, 20, 2.08, 97, 141, 1891857, 12),
(239, 'Josh Minott', 8, 3, 21, 2.03, 91, 28, 2019699, 12),
(240, 'Daishen Nix', 1, 2, 22, 1.91, 104, 141, 0, 12),
(241, 'Eugene Omoruyi', 97, 3, 27, 2.01, 110, 10, 2196970, 12),
(242, 'Julius Randle', 30, 4, 29, 2.06, 114, 37, 33073920, 12),
(243, 'Naz Reid', 11, 5, 25, 2.06, 108, 25, 13986432, 12),
(244, 'Terrence Shannon Jr.', 0, 2, 24, 1.93, 9, 56, 2546640, 12),
(245, 'Alex Caruso', 9, 2, 30, 1.96, 84, 76, 9890000, 13),
(246, 'Ousmane Dieng', 13, 3, 21, 2.08, 100, 141, 5027040, 13),
(247, 'Luguentz Dort', 5, 2, 25, 1.93, 99, 90, 16500000, 13),
(248, 'Alex Ducas', 88, 2, 23, 2.01, 99, 91, 0, 13),
(249, 'Adam Flagler', 14, 3, 24, 1.91, 88, 50, 0, 13),
(250, 'Shai Gilgeous-Alexander', 2, 1, 26, 1.98, 90, 37, 35859950, 13),
(251, 'Isaiah Hartenstein', 55, 5, 26, 2.13, 115, 141, 30000000, 13),
(252, 'Chet Holmgren', 7, 4, 22, 2.16, 96, 19, 10880640, 13),
(253, 'Isaiah Joe', 11, 2, 25, 1.91, 82, 18, 12991650, 13),
(254, 'Dillon Jones', 3, 3, 22, 1.96, 108, 82, 2622360, 13),
(255, 'Malevy Leons', 17, 3, 25, 2.06, 92, 92, 0, 13),
(256, 'Ajay Mitchell', 25, 2, 22, 1.91, 86, 93, 0, 13),
(257, 'Alex Reese', 15, 3, 25, 2.06, 104, 3, 0, 13),
(258, 'Cormac Ryan', 30, 2, 25, 1.96, 88, 22, 0, 13),
(259, 'Nikola Topic', 44, 2, 19, 1.98, 91, 141, 4935960, 13),
(260, 'Cason Wallace', 22, 2, 20, 1.93, 92, 37, 5555880, 13),
(261, 'Aaron Wiggins', 21, 2, 25, 1.98, 90, 49, 10514017, 13),
(262, 'Jalen Williams', 8, 3, 23, 1.98, 99, 94, 4775760, 13),
(263, 'Jaylin Williams', 6, 3, 22, 2.08, 113, 18, 2019699, 13),
(264, 'Kenrich Williams', 34, 3, 29, 2.01, 95, 95, 6669000, 13),
(265, 'Deni Avdija', 8, 3, 23, 2.06, 108, 141, 15625000, 14),
(266, 'Deandre Ayton', 2, 5, 26, 2.11, 113, 59, 34005126, 14),
(267, 'Dalano Banton', 5, 2, 24, 2.06, 92, 96, 2196970, 14),
(268, 'Toumani Camara', 33, 3, 24, 2.03, 99, 79, 1891857, 14),
(269, 'Donovan Clingan', 23, 5, 20, 2.18, 127, 23, 6586440, 14),
(270, 'Devonte\' Graham', 18, 1, 29, 1.85, 88, 27, 12650000, 14),
(271, 'Jerami Grant', 9, 3, 30, 2.03, 95, 44, 29793104, 14),
(272, 'Scoot Henderson', 0, 2, 20, 1.91, 88, 141, 10259160, 14),
(273, 'Bryce McGowens', 11, 2, 21, 1.96, 86, 96, 2019699, 14),
(274, 'Justin Minaya', 10, 3, 25, 2.01, 95, 97, 0, 14),
(275, 'Taze Moore', 76, 2, 26, 1.96, 88, 54, 0, 14),
(276, 'Kris Murray', 24, 3, 24, 2.03, 97, 89, 2990040, 14),
(277, 'Duop Reath', 26, 5, 28, 2.11, 111, 25, 2048780, 14),
(278, 'Rayan Rupert', 21, 2, 20, 2.01, 88, 141, 1891857, 14),
(279, 'Shaedon Sharpe', 17, 2, 21, 1.98, 90, 37, 6614160, 14),
(280, 'Anfernee Simons', 1, 2, 25, 1.91, 88, 141, 25892857, 14),
(281, 'Matisse Thybulle', 4, 2, 27, 1.96, 91, 74, 11025160, 14),
(282, 'Jabari Walker', 34, 3, 22, 2.06, 97, 20, 2019699, 14),
(283, 'Robert Williams III', 35, 5, 26, 2.06, 107, 76, 12428571, 14),
(284, 'Jordan Clarkson', 0, 1, 32, 1.96, 87, 86, 14092577, 15),
(285, 'Isaiah Collier', 13, 2, 20, 1.96, 95, 9, 2520120, 15),
(286, 'John Collins', 20, 4, 27, 2.06, 106, 70, 26580000, 15),
(287, 'Drew Eubanks', 15, 4, 27, 2.06, 111, 98, 5000000, 15),
(288, 'Kyle Filipowski', 22, 3, 20, 2.11, 112, 15, 3000000, 15),
(289, 'Keyonte George', 3, 2, 20, 1.93, 83, 50, 4084200, 15),
(290, 'Taylor Hendricks', 0, 3, 20, 2.06, 95, 99, 5848680, 15),
(291, 'Johnny Juzang', 33, 2, 23, 2.01, 97, 6, 3087519, 15),
(292, 'Walker Kessler', 24, 5, 23, 2.16, 111, 33, 2965920, 15),
(293, 'Lauri Markkanen', 23, 4, 27, 2.13, 107, 59, 42176400, 15),
(294, 'Patty Mills', 8, 1, 36, 1.88, 81, 91, 2087519, 15),
(295, 'Svi Mykhailiuk', 19, 2, 27, 2.01, 92, 27, 3500000, 15),
(296, 'Micah Potter', 25, 5, 26, 2.08, 112, 100, 0, 15),
(297, 'Jason Preston', 10, 2, 25, 1.93, 84, 101, 0, 15),
(298, 'Brice Sensabaugh', 28, 3, 20, 1.98, 106, 47, 2571480, 15),
(299, 'Collin Sexton', 2, 1, 25, 1.85, 87, 3, 18350000, 15),
(300, 'Oscar Tshiebwe', 34, 5, 24, 2.06, 117, 37, 0, 15),
(301, 'Cody Williams', 5, 3, 19, 2.03, 86, 20, 5485080, 15),
(302, 'Kyle Anderson', 1, 3, 31, 2.06, 111, 6, 8780488, 16),
(303, 'Reece Beekman', 3, 2, 23, 1.85, 88, 5, 0, 16),
(304, 'Stephen Curry', 30, 1, 36, 1.91, 90, 102, 55761216, 16),
(305, 'Draymond Green', 23, 4, 34, 1.98, 106, 16, 24107143, 16),
(306, 'Buddy Hield', 7, 2, 31, 1.93, 99, 103, 8780488, 16),
(307, 'Blake Hinson', 26, 2, 24, 2.01, 106, 104, 0, 16),
(308, 'Trayce Jackson-Davis', 32, 3, 24, 2.03, 111, 29, 1891857, 16),
(309, 'Kevin Knox II', 31, 3, 25, 2.01, 97, 37, 0, 16),
(310, 'Jonathan Kuminga', 0, 4, 22, 2.01, 102, 141, 7636154, 16),
(311, 'Kevon Looney', 5, 3, 28, 2.06, 116, 6, 8000000, 16),
(312, 'De\'Anthony Melton', 8, 2, 26, 1.91, 90, 9, 12822000, 16),
(313, 'Moses Moody', 4, 2, 22, 1.96, 97, 18, 5803269, 16),
(314, 'Gary Payton II', 0, 2, 31, 1.91, 88, 98, 9130000, 16),
(315, 'Brandin Podziemski', 2, 2, 21, 1.93, 92, 94, 3519960, 16),
(316, 'Quinten Post', 21, 5, 24, 2.13, 110, 42, 0, 16),
(317, 'Jackson Rowe', 44, 3, 27, 2.01, 95, 105, 0, 16),
(318, 'Gui Santos', 15, 3, 22, 2.01, 98, 141, 1891857, 16),
(319, 'Pat Spencer', 61, 2, 28, 1.91, 92, 106, 0, 16),
(320, 'Lindy Waters III', 43, 3, 27, 1.98, 89, 67, 2196970, 16),
(321, 'Andrew Wiggins', 22, 3, 29, 2.01, 94, 27, 26276786, 16),
(322, 'Mo Bamba', 4, 5, 26, 2.13, 104, 36, 2087519, 17),
(323, 'Nicolas Batum', 33, 4, 35, 2.03, 104, 141, 4668000, 17),
(324, 'Kobe Brown', 21, 2, 24, 2.01, 113, 86, 2533920, 17),
(325, 'Cam Christie', 12, 2, 19, 1.96, 86, 107, 1157153, 17),
(326, 'Amir Coffey', 7, 2, 27, 2.01, 95, 107, 3938271, 17),
(327, 'Nate Darling', 30, 2, 26, 1.96, 90, 108, 0, 17),
(328, 'RayJ Dennis', 0, 3, 23, 1.88, 81, 50, 0, 17),
(329, 'Kris Dunn', 8, 2, 30, 1.91, 92, 97, 5168000, 17),
(330, 'Trentyn Flowers', 9, 2, 19, 2.01, 91, 141, 0, 17),
(331, 'James Harden', 1, 2, 35, 1.96, 99, 90, 33653846, 17),
(332, 'EJ Harkless', 0, 2, 24, 1.91, 88, 109, 0, 17),
(333, 'Bones Hyland', 5, 1, 24, 1.88, 76, 110, 4158439, 17),
(334, 'Kai Jones', 23, 4, 23, 2.11, 100, 36, 0, 17),
(335, 'Derrick Jones Jr.', 55, 3, 27, 1.98, 95, 109, 9523810, 17),
(336, 'Kawhi Leonard', 2, 3, 33, 2.01, 102, 111, 49350000, 17),
(337, 'Terance Mann', 14, 2, 27, 1.96, 97, 46, 11423077, 17),
(338, 'Jordan Miller', 11, 2, 24, 1.96, 87, 17, 0, 17),
(339, 'Kevin Porter Jr.', 77, 2, 24, 1.93, 92, 9, 2237691, 17),
(340, 'Norman Powell', 24, 2, 31, 1.93, 97, 6, 19241379, 17),
(341, 'P.J. Tucker', 17, 4, 39, 1.96, 111, 36, 11539000, 17),
(342, 'Alondes Williams', 15, 2, 25, 1.93, 95, 70, 0, 17),
(343, 'Ivica Zubac', 40, 5, 27, 2.13, 108, 141, 11743210, 17),
(344, 'Colin Castleton', 14, 5, 24, 2.08, 113, 7, 0, 18),
(345, 'Max Christie', 12, 2, 21, 1.96, 86, 16, 7142857, 18),
(346, 'Anthony Davis', 3, 4, 31, 2.08, 114, 37, 43219440, 18),
(347, 'Jordan Goodwin', 0, 2, 25, 1.93, 90, 112, 0, 18),
(348, 'Rui Hachimura', 28, 4, 26, 2.03, 104, 19, 17000000, 18),
(349, 'Jaxson Hayes', 11, 5, 24, 2.13, 99, 36, 2463946, 18),
(350, 'Jalen Hood-Schifino', 0, 2, 21, 1.96, 97, 29, 3879840, 18),
(351, 'Bronny James', 9, 2, 20, 1.88, 95, 9, 1157153, 18),
(352, 'LeBron James', 23, 3, 39, 2.06, 113, 141, 48728845, 18),
(353, 'Kylor Kelley', 0, 5, 27, 2.13, 97, 98, 0, 18),
(354, 'Dalton Knecht', 4, 2, 23, 1.96, 92, 14, 3819120, 18),
(355, 'Christian Koloko', 35, 5, 24, 2.13, 104, 59, 0, 18),
(356, 'Maxwell Lewis', 21, 3, 22, 2.01, 88, 113, 1891857, 18),
(357, 'Quincy Olivari', 0, 2, 23, 1.91, 90, 114, 0, 18),
(358, 'Austin Reaves', 15, 2, 26, 1.96, 89, 103, 12976362, 18),
(359, 'Cam Reddish', 5, 3, 25, 2.01, 98, 15, 2463946, 18),
(360, 'D\'Angelo Russell', 1, 1, 28, 1.91, 87, 47, 18692307, 18),
(361, 'Armel Traore', 94, 3, 21, 2.06, 95, 141, 0, 18),
(362, 'Jarred Vanderbilt', 2, 4, 25, 2.03, 97, 37, 10714286, 18),
(363, 'Gabe Vincent', 7, 1, 28, 1.88, 90, 93, 11000000, 18),
(364, 'Christian Wood', 35, 3, 29, 2.03, 97, 109, 3036040, 18),
(365, 'Grayson Allen', 8, 2, 29, 1.93, 89, 15, 15625000, 19),
(366, 'Bradley Beal', 3, 2, 31, 1.93, 93, 7, 50203930, 19),
(367, 'Bol Bol', 11, 5, 24, 2.21, 99, 10, 2087519, 19),
(368, 'Devin Booker', 1, 2, 27, 1.98, 93, 37, 49205800, 19),
(369, 'Jalen Bridges', 15, 3, 23, 2.06, 102, 50, 0, 19),
(370, 'Mamadi Diakite', 21, 3, 27, 2.06, 103, 5, 2273252, 19),
(371, 'Ryan Dunn', 0, 3, 21, 1.98, 97, 5, 2538240, 19),
(372, 'Kevin Durant', 35, 4, 36, 2.11, 108, 36, 51179021, 19),
(373, 'Collin Gillespie', 21, 2, 25, 1.85, 88, 30, 0, 19),
(374, 'Oso Ighodaro', 4, 5, 22, 2.08, 100, 31, 1157153, 19),
(375, 'Tyus Jones', 5, 1, 28, 1.85, 88, 15, 2087519, 19),
(376, 'Frank Kaminsky', 33, 4, 31, 2.13, 108, 100, 0, 19),
(377, 'Damion Lee', 10, 2, 31, 1.98, 95, 64, 2087519, 19),
(378, 'Monte Morris', 23, 1, 29, 1.88, 83, 57, 2087519, 19),
(379, 'Jusuf Nurkic', 20, 5, 30, 2.13, 127, 141, 18125000, 19),
(380, 'Royce O\'Neale', 0, 4, 31, 1.98, 102, 50, 9821429, 19),
(381, 'Josh Okogie', 2, 3, 26, 1.93, 96, 115, 8250000, 19),
(382, 'Mason Plumlee', 44, 5, 34, 2.08, 115, 15, 2087519, 19),
(383, 'TyTy Washington Jr.', 23, 2, 22, 1.91, 88, 37, 0, 19),
(384, 'Moses Wood', 17, 3, 25, 2.03, 95, 74, 0, 19),
(385, 'Devin Carter', 22, 2, 22, 1.88, 85, 97, 4702800, 20),
(386, 'Isaiah Crawford', 24, 3, 23, 1.98, 99, 58, 0, 20),
(387, 'DeMar DeRozan', 10, 3, 35, 1.98, 99, 9, 23400000, 20),
(388, 'Boogie Ellis', 0, 2, 23, 1.85, 86, 9, 0, 20),
(389, 'Keon Ellis', 23, 2, 24, 1.96, 79, 3, 2120693, 20),
(390, 'De\'Aaron Fox', 5, 1, 26, 1.91, 86, 37, 34848340, 20),
(391, 'Kevin Huerter', 9, 2, 26, 2.01, 86, 49, 16830357, 20),
(392, 'Colby Jones', 20, 2, 22, 1.98, 92, 114, 2120693, 20),
(393, 'Isaac Jones', 17, 5, 24, 2.06, 111, 116, 0, 20),
(394, 'Mason Jones', 15, 2, 26, 1.93, 86, 18, 0, 20),
(395, 'Skal Labissiere', 8, 5, 28, 2.08, 106, 37, 0, 20),
(396, 'Alex Len', 25, 5, 31, 2.13, 113, 49, 2087519, 20),
(397, 'Trey Lyles', 41, 4, 28, 2.06, 106, 37, 8000000, 20),
(398, 'Jalen McDaniels', 7, 4, 26, 2.06, 92, 111, 4741800, 20),
(399, 'Jordan McLaughlin', 3, 1, 28, 1.83, 83, 9, 2087519, 20),
(400, 'Malik Monk', 0, 2, 26, 1.91, 90, 37, 17405202, 20),
(401, 'Keegan Murray', 13, 3, 24, 2.03, 97, 87, 8809560, 20),
(402, 'Orlando Robinson', 77, 5, 24, 2.08, 106, 41, 2087519, 20),
(403, 'Domantas Sabonis', 11, 4, 28, 2.11, 108, 19, 40500000, 20),
(404, 'Terry Taylor', 32, 3, 25, 1.96, 104, 117, 0, 20),
(405, 'Brodric Thomas', 30, 2, 27, 1.96, 83, 118, 0, 20),
(406, 'Dominick Barlow', 0, 3, 21, 2.08, 99, 141, 0, 21),
(407, 'Bogdan Bogdanovic', 13, 2, 32, 1.98, 99, 141, 17260000, 21),
(408, 'Kobe Bufkin', 4, 2, 21, 1.93, 88, 63, 4299000, 21),
(409, 'Clint Capela', 15, 5, 30, 2.08, 108, 141, 22265280, 21),
(410, 'Dyson Daniels', 5, 2, 21, 2.01, 92, 141, 6059520, 21),
(411, 'Mouhamed Gueye', 18, 3, 21, 2.11, 95, 116, 1891858, 21),
(412, 'Kevon Harris', 0, 2, 27, 1.96, 97, 119, 0, 21),
(413, 'De\'Andre Hunter', 12, 3, 26, 2.01, 102, 5, 21696429, 21),
(414, 'Jalen Johnson', 1, 3, 22, 2.06, 99, 15, 4510905, 21),
(415, 'Vit Krejci', 27, 2, 24, 2.03, 88, 141, 2162606, 21),
(416, 'Seth Lundy', 3, 2, 24, 1.98, 99, 73, 0, 21),
(417, 'Garrison Mathews', 24, 2, 27, 1.96, 91, 120, 2230253, 21),
(418, 'Larry Nance Jr.', 22, 4, 31, 2.03, 109, 121, 11205000, 21),
(419, 'Onyeka Okongwu', 17, 4, 23, 2.06, 20, 9, 14000000, 21),
(420, 'Daeqwon Plowden', 29, 2, 26, 1.98, 97, 122, 0, 21),
(421, 'Zaccharie Risacher', 10, 4, 19, 2.06, 97, 141, 12569040, 21),
(422, 'David Roddy', 8, 3, 23, 1.96, 115, 123, 2847240, 21),
(423, 'Keaton Wallace', 2, 2, 25, 1.91, 83, 124, 0, 21),
(424, 'Trae Young', 11, 1, 26, 1.85, 81, 103, 43031940, 21),
(425, 'Cody Zeller', 41, 5, 32, 2.11, 112, 29, 3500000, 21),
(426, 'LaMelo Ball', 1, 1, 23, 2.01, 86, 141, 35147000, 22),
(427, 'Miles Bridges', 0, 3, 26, 1.98, 106, 16, 27173913, 22),
(428, 'Charlie Brown Jr.', 4, 2, 27, 1.98, 90, 125, 2237692, 22),
(429, 'Seth Curry', 30, 2, 34, 1.85, 86, 15, 2087519, 22),
(430, 'Moussa Diabate', 14, 3, 22, 2.06, 95, 63, 0, 22),
(431, 'Taj Gibson', 67, 3, 39, 2.06, 105, 9, 2087519, 22),
(432, 'Harry Giles III', 20, 4, 26, 2.08, 108, 15, 0, 22),
(433, 'Josh Green', 10, 2, 23, 1.96, 90, 59, 12654321, 22),
(434, 'DaQuan Jeffries', 8, 2, 27, 1.96, 100, 126, 2425204, 22),
(435, 'Keyontae Johnson', 7, 3, 24, 1.93, 104, 66, 0, 22),
(436, 'Tre Mann', 23, 1, 23, 1.93, 86, 7, 4908189, 22),
(437, 'Cody Martin', 11, 3, 29, 1.98, 92, 43, 8120000, 22),
(438, 'Vasilije Micic', 22, 2, 30, 1.96, 92, 141, 7723000, 22),
(439, 'Brandon Miller', 24, 3, 21, 2.03, 92, 3, 11424600, 22),
(440, 'Nick Richards', 4, 5, 26, 2.13, 117, 37, 5000000, 22),
(441, 'Tidjane Salaun', 31, 3, 19, 2.06, 92, 141, 7488720, 22),
(442, 'K.J. Simpson', 25, 2, 22, 1.88, 86, 20, 0, 22),
(443, 'Nick Smith Jr.', 8, 2, 20, 1.91, 83, 18, 2587200, 22),
(444, 'Duane Washington Jr.', 98, 1, 24, 1.88, 89, 47, 2162607, 22),
(445, 'Grant Williams', 2, 4, 25, 1.98, 106, 14, 13025250, 22),
(446, 'Mark Williams', 5, 5, 22, 2.13, 117, 15, 4094280, 22),
(447, 'Bam Adebayo', 13, 5, 27, 2.06, 115, 37, 34848340, 23),
(448, 'Thomas Bryant', 31, 5, 27, 2.08, 112, 29, 2087519, 23),
(449, 'Alec Burks', 18, 2, 33, 1.96, 97, 20, 2087519, 23),
(450, 'Jimmy Butler', 22, 3, 35, 2.01, 104, 31, 48798677, 23),
(451, 'Josh Christopher', 8, 2, 22, 1.93, 97, 90, 0, 23),
(452, 'Caleb Daniels', 15, 2, 25, 1.93, 95, 30, 0, 23),
(453, 'Tyler Herro', 14, 1, 24, 1.96, 88, 37, 29000000, 23),
(454, 'Haywood Highsmith', 24, 3, 27, 1.96, 99, 127, 5200000, 23),
(455, 'Jaime Jaquez Jr.', 11, 2, 23, 1.98, 102, 6, 3685800, 23),
(456, 'Keshad Johnson', 16, 3, 23, 1.98, 102, 59, 0, 23),
(457, 'Nikola Jovic', 5, 3, 21, 2.08, 92, 141, 2464200, 23),
(458, 'Pelle Larsson', 9, 2, 23, 1.98, 97, 59, 1157143, 23),
(459, 'Nassir Little', 25, 3, 24, 1.98, 99, 22, 6750000, 23),
(460, 'Kevin Love', 42, 4, 36, 2.03, 113, 6, 3850000, 23),
(461, 'Zyon Pullin', 17, 2, 23, 1.93, 92, 7, 0, 23),
(462, 'Josh Richardson', 0, 2, 31, 1.96, 90, 14, 3051153, 23),
(463, 'Duncan Robinson', 55, 3, 30, 2.01, 97, 63, 19406000, 23),
(464, 'Terry Rozier', 2, 2, 30, 1.85, 86, 64, 24924126, 23),
(465, 'Dru Smith', 12, 2, 26, 1.88, 92, 86, 0, 23),
(466, 'Isaiah Stevens', 50, 2, 23, 1.83, 83, 123, 0, 23),
(467, 'Kel\'el Ware', 7, 5, 20, 2.13, 108, 29, 4231800, 23),
(468, 'Cole Anthony', 50, 1, 24, 1.91, 89, 22, 12900000, 24),
(469, 'Paolo Banchero', 5, 4, 21, 2.08, 113, 15, 12160800, 24),
(470, 'Goga Bitadze', 35, 5, 25, 2.11, 106, 141, 9057971, 24),
(471, 'Anthony Black', 0, 2, 20, 2.01, 96, 18, 7607760, 24),
(472, 'Kentavious Caldwell-Pope', 3, 2, 31, 1.96, 92, 21, 22757000, 24),
(473, 'Wendell Carter Jr.', 34, 5, 25, 2.08, 118, 15, 11950000, 24),
(474, 'Jarrett Culver', 24, 2, 25, 1.98, 88, 52, 0, 24),
(475, 'Tristan da Silva', 23, 3, 23, 2.03, 98, 20, 3628440, 24),
(476, 'Gary Harris', 14, 2, 30, 1.93, 92, 16, 6730769, 24),
(477, 'Caleb Houstan', 2, 2, 21, 2.03, 106, 63, 2019693, 24),
(478, 'Jett Howard', 13, 2, 21, 2.03, 97, 63, 5278320, 24),
(479, 'Jonathan Isaac', 1, 4, 27, 2.08, 108, 46, 25000000, 24),
(480, 'Cory Joseph', 10, 1, 33, 1.91, 90, 36, 3303771, 24),
(481, 'Mac McClung', 8, 2, 25, 1.88, 83, 28, 0, 24),
(482, 'Trevelin Queen', 12, 2, 27, 1.98, 86, 78, 0, 24),
(483, 'Jalen Slawson', 18, 3, 24, 2.01, 97, 128, 0, 24),
(484, 'Javonte Smart', 15, 2, 25, 1.93, 92, 25, 0, 24),
(485, 'Jalen Suggs', 4, 2, 23, 1.96, 92, 19, 9188385, 24),
(486, 'Ethan Thompson', 55, 2, 25, 1.96, 88, 98, 0, 24),
(487, 'Franz Wagner', 22, 3, 23, 2.08, 104, 63, 7007092, 24),
(488, 'Moritz Wagner', 21, 5, 27, 2.11, 113, 63, 11000000, 24),
(489, 'Marvin Bagley III', 35, 4, 25, 2.11, 106, 15, 12500000, 25),
(490, 'Patrick Baldwin Jr.', 7, 3, 21, 2.06, 99, 129, 2448840, 25),
(491, 'Saddiq Bey', 41, 3, 25, 2.03, 97, 30, 6440678, 25),
(492, 'Leaky Black', 12, 3, 25, 1.98, 94, 22, 0, 25),
(493, 'Malcolm Brogdon', 15, 1, 31, 1.96, 103, 5, 22500000, 25),
(494, 'Jared Butler', 4, 2, 24, 1.91, 87, 50, 2196970, 25),
(495, 'Bub Carrington', 8, 2, 19, 1.93, 88, 104, 4454880, 25),
(496, 'Justin Champagnie', 9, 3, 23, 1.98, 93, 104, 0, 25),
(497, 'Bilal Coulibaly', 0, 2, 20, 2.03, 88, 141, 6945240, 25),
(498, 'Johnny Davis', 1, 2, 22, 1.96, 88, 100, 5291160, 25),
(499, 'Kyshawn George', 18, 3, 20, 2.01, 94, 17, 2825520, 25),
(500, 'Anthony Gill', 16, 4, 31, 2.03, 104, 5, 2237691, 25),
(501, 'Richaun Holmes', 22, 3, 30, 2.08, 108, 122, 12648321, 25),
(502, 'Corey Kispert', 24, 3, 25, 2.01, 99, 19, 5705888, 25),
(503, 'Kyle Kuzma', 33, 3, 29, 2.08, 99, 48, 23522727, 25),
(504, 'Kira Lewis Jr.', 31, 2, 23, 1.85, 77, 3, 0, 25),
(505, 'Jaylen Nowell', 5, 2, 25, 1.96, 94, 74, 0, 25),
(506, 'Jordan Poole', 13, 2, 25, 1.93, 87, 63, 29651786, 25),
(507, 'Alex Sarr', 20, 4, 19, 2.13, 101, 141, 11245680, 25),
(508, 'Jonas Valanciunas', 17, 5, 32, 2.13, 122, 141, 9900000, 25),
(509, 'Tristan Vukcevic', 0, 4, 21, 2.13, 102, 141, 2424892, 25),
(510, 'Spencer Dinwiddie', 26, 1, 31, 1.96, 97, 20, 2087519, 26),
(511, 'Luka Doncic', 77, 1, 25, 2.01, 104, 141, 43031940, 26),
(512, 'Kessler Edwards', 20, 3, 24, 2.03, 97, 113, 0, 26),
(513, 'Dante Exum', 0, 2, 29, 1.96, 97, 141, 3150000, 26),
(514, 'Daniel Gafford', 21, 5, 26, 2.08, 106, 18, 13394160, 26),
(515, 'Jazian Gortman', 0, 2, 21, 1.88, 83, 141, 0, 26),
(516, 'Quentin Grimes', 5, 2, 24, 1.96, 95, 54, 4296615, 26),
(517, 'Jaden Hardy', 1, 2, 22, 1.93, 89, 141, 2019699, 26),
(518, 'Kyrie Irving', 11, 1, 32, 1.88, 86, 15, 41000000, 26),
(519, 'Maxi Kleber', 42, 4, 32, 2.08, 108, 141, 11000000, 26),
(520, 'Dereck Lively II', 2, 5, 20, 2.16, 106, 15, 5014560, 26),
(521, 'Naji Marshall', 13, 3, 26, 2.01, 102, 114, 8571429, 26),
(522, 'Emanuel Miller', 3, 3, 24, 2.01, 97, 95, 0, 26),
(523, 'Markieff Morris', 88, 4, 35, 2.06, 111, 27, 2087519, 26),
(524, 'Dwight Powell', 7, 5, 33, 2.08, 108, 26, 4000000, 26),
(525, 'Olivier-Maxence Prosper', 8, 3, 22, 2.03, 97, 31, 2869920, 26),
(526, 'Jamarion Sharp', 33, 5, 23, 2.26, 106, 130, 0, 26),
(527, 'Klay Thompson', 31, 2, 34, 1.98, 99, 116, 15873016, 26),
(528, 'P.J. Washington', 25, 4, 26, 2.01, 104, 37, 15500000, 26),
(529, 'Brandon Williams', 10, 2, 24, 1.85, 86, 59, 0, 26),
(530, 'Steven Adams', 12, 5, 31, 2.11, 120, 104, 12600000, 27),
(531, 'Dillon Brooks', 9, 3, 28, 2.01, 99, 10, 22255493, 27),
(532, 'N\'Faly Dante', 3, 5, 22, 2.11, 120, 10, 0, 27),
(533, 'Tari Eason', 17, 3, 23, 2.03, 98, 25, 3695160, 27),
(534, 'Jalen Green', 4, 2, 22, 1.98, 83, 141, 12483048, 27),
(535, 'Jeff Green', 32, 4, 38, 2.03, 106, 131, 8000000, 27),
(536, 'Nate Hinton', 41, 2, 25, 1.96, 95, 54, 0, 27),
(537, 'Aaron Holiday', 0, 2, 28, 1.83, 83, 6, 4668000, 27),
(538, 'Jock Landale', 2, 5, 28, 2.11, 115, 91, 8000000, 27),
(539, 'Thon Maker', 27, 3, 27, 2.13, 100, 141, 0, 27),
(540, 'Jack McVeigh', 58, 2, 28, 2.01, 92, 96, 0, 27),
(541, 'Markquis Nowell', 99, 2, 24, 1.73, 72, 66, 0, 27),
(542, 'Jermaine Samuels Jr.', 0, 3, 25, 2.01, 104, 30, 0, 27),
(543, 'Alperen Sengun', 28, 5, 22, 2.11, 115, 141, 5424654, 27),
(544, 'Reed Sheppard', 15, 2, 20, 1.91, 82, 37, 10098960, 27),
(545, 'Jabari Smith Jr.', 10, 4, 21, 2.11, 96, 33, 9770880, 27),
(546, 'Jae\'Sean Tate', 8, 3, 28, 1.96, 102, 47, 7565217, 27),
(547, 'Amen Thompson', 1, 3, 21, 2.01, 97, 141, 9249960, 27),
(548, 'Fred VanVleet', 5, 1, 30, 1.83, 87, 35, 42846615, 27),
(549, 'Cam Whitmore', 7, 3, 20, 2.01, 106, 30, 3379080, 27),
(550, 'Nate Williams', 19, 2, 25, 1.96, 92, 132, 0, 27),
(551, 'Santi Aldama', 7, 4, 23, 2.11, 101, 133, 3960531, 28),
(552, 'Armando Bacot', 0, 4, 24, 2.11, 108, 22, 0, 28),
(553, 'Desmond Bane', 22, 2, 26, 1.98, 97, 95, 34005250, 28),
(554, 'Brandon Clarke', 15, 4, 28, 2.03, 95, 19, 12500000, 28),
(555, 'Zach Edey', 14, 5, 22, 2.24, 127, 69, 5756880, 28),
(556, 'Jay Huff', 30, 5, 27, 2.16, 108, 5, 0, 28),
(557, 'GG Jackson II', 45, 3, 19, 2.06, 97, 88, 1891857, 28),
(558, 'Jaren Jackson Jr.', 13, 4, 25, 2.11, 109, 16, 25257798, 28),
(559, 'Yuki Kawamura', 17, 2, 23, 1.73, 72, 141, 0, 28),
(560, 'Luke Kennard', 10, 2, 28, 1.96, 93, 15, 9250000, 28),
(561, 'John Konchar', 46, 2, 28, 1.96, 95, 141, 6165000, 28),
(562, 'Jake LaRavia', 3, 3, 22, 2.01, 106, 70, 3352680, 28),
(563, 'Ja Morant', 12, 1, 25, 1.91, 79, 34, 36725670, 28),
(564, 'Miye Oni', 2, 3, 27, 1.96, 93, 134, 0, 28),
(565, 'Maozinha Pereira', 25, 3, 24, 2.03, 80, 141, 0, 28),
(566, 'Scotty Pippen Jr.', 1, 2, 23, 1.85, 77, 8, 0, 28),
(567, 'Marcus Smart', 36, 1, 30, 1.91, 99, 67, 20210285, 28),
(568, 'Cam Spencer', 24, 2, 24, 1.91, 91, 23, 0, 28),
(569, 'Jaylen Wells', 0, 3, 21, 2.01, 93, 116, 1157153, 28),
(570, 'Vince Williams Jr.', 5, 2, 24, 1.98, 92, 110, 2120693, 28),
(571, 'Jose Alvarado', 15, 1, 26, 1.83, 82, 115, 1988598, 29),
(572, 'Adonis Arms', 20, 2, 26, 1.96, 94, 52, 0, 29),
(573, 'Keion Brooks Jr.', 0, 3, 24, 2.01, 96, 74, 0, 29),
(574, 'Jamal Cain', 8, 3, 25, 2.01, 93, 135, 0, 29),
(575, 'Jalen Crutcher', 11, 2, 25, 1.85, 74, 79, 0, 29),
(576, 'Javonte Green', 4, 2, 31, 1.93, 99, 136, 0, 29),
(577, 'Jordan Hawkins', 24, 2, 22, 1.96, 83, 23, 4525680, 29),
(578, 'Malcolm Hill', 33, 2, 28, 1.98, 102, 56, 0, 29),
(579, 'Brandon Ingram', 14, 3, 27, 2.03, 95, 15, 36016200, 29),
(580, 'Trey Jemison', 55, 5, 24, 2.11, 124, 137, 0, 29),
(581, 'Herbert Jones', 2, 3, 26, 2.01, 96, 3, 12976362, 29),
(582, 'Karlo Matkovic', 17, 5, 23, 2.11, 117, 141, 1407153, 29),
(583, 'CJ McCollum', 3, 2, 33, 1.91, 91, 138, 33333333, 29),
(584, 'Yves Missi', 21, 5, 20, 2.11, 107, 50, 3202560, 29),
(585, 'Trey Murphy III', 25, 2, 24, 2.03, 98, 5, 5159855, 29),
(586, 'Dejounte Murray', 5, 2, 28, 1.96, 82, 74, 29535801, 29),
(587, 'Antonio Reeves', 12, 2, 23, 1.96, 85, 37, 1157153, 29),
(588, 'Jeremiah Robinson-Earl', 50, 3, 23, 2.06, 106, 30, 2196970, 29),
(589, 'Matt Ryan', 37, 3, 27, 2.01, 98, 139, 2196970, 29),
(590, 'Daniel Theis', 10, 5, 32, 2.03, 111, 141, 2087519, 29),
(591, 'Zion Williamson', 1, 4, 24, 1.98, 127, 15, 36725670, 29),
(592, 'Harrison Barnes', 40, 3, 32, 2.03, 102, 22, 18000000, 30),
(593, 'Charles Bassey', 28, 5, 23, 2.08, 108, 140, 2087519, 30),
(594, 'Brandon Boston Jr.', 4, 2, 22, 1.98, 90, 37, 0, 30),
(595, 'Malaki Branham', 22, 2, 21, 1.96, 92, 47, 3217920, 30),
(596, 'Stephon Castle', 5, 2, 19, 1.96, 95, 23, 9131760, 30),
(597, 'Julian Champagnie', 30, 3, 23, 2.03, 95, 61, 3000000, 30),
(598, 'Sidy Cissoko', 25, 2, 20, 1.98, 99, 141, 1891857, 30),
(599, 'Zach Collins', 23, 4, 26, 2.11, 108, 19, 16741200, 30),
(600, 'David Duke Jr.', 7, 2, 24, 1.93, 90, 97, 0, 30),
(601, 'Malachi Flynn', 18, 1, 26, 1.85, 83, 111, 0, 30),
(602, 'Harrison Ingram', 55, 3, 21, 1.96, 106, 22, 0, 30),
(603, 'Keldon Johnson', 0, 3, 24, 1.96, 97, 37, 19000000, 30),
(604, 'Tre Jones', 33, 1, 24, 1.85, 86, 15, 9104167, 30),
(605, 'Sandro Mamukelashvili', 54, 4, 25, 2.06, 106, 53, 2087519, 30),
(606, 'Nathan Mensah', 31, 5, 26, 2.06, 104, 111, 0, 30),
(607, 'Riley Minix', 27, 3, 24, 2.01, 104, 141, 0, 30),
(608, 'Chris Paul', 3, 1, 39, 1.83, 86, 70, 10460000, 30),
(609, 'Jeremy Sochan', 10, 3, 21, 2.03, 104, 50, 5570040, 30),
(610, 'Devin Vassell', 24, 2, 24, 1.96, 92, 46, 29347826, 30),
(611, 'Victor Wembanyama', 1, 5, 20, 2.21, 106, 141, 12768960, 30),
(612, 'Blake Wesley', 14, 2, 21, 1.91, 86, 80, 2624280, 30);

-- --------------------------------------------------------

--
-- Estructura de tabla para la tabla `division`
--

CREATE TABLE `division` (
  `id` tinyint(11) NOT NULL,
  `nombre` varchar(50) NOT NULL,
  `Conferencia` tinyint(5) NOT NULL
) ENGINE=InnoDB DEFAULT CHARSET=utf8mb4 COLLATE=utf8mb4_general_ci;

--
-- Volcado de datos para la tabla `division`
--

INSERT INTO `division` (`id`, `nombre`, `Conferencia`) VALUES
(1, 'Atlantico', 1),
(2, 'Pacifico', 2),
(3, 'Central', 1),
(4, 'Sureste', 1),
(5, 'Noroeste', 2),
(6, 'Suroeste', 2);

-- --------------------------------------------------------

--
-- Estructura de tabla para la tabla `equipos`
--

CREATE TABLE `equipos` (
  `id` int(11) NOT NULL,
  `Nombre` varchar(50) NOT NULL,
  `apodo` varchar(15) NOT NULL,
  `Conferencia` tinyint(15) NOT NULL,
  `Division` tinyint(50) NOT NULL
) ENGINE=InnoDB DEFAULT CHARSET=utf8mb4 COLLATE=utf8mb4_general_ci;

--
-- Volcado de datos para la tabla `equipos`
--

INSERT INTO `equipos` (`id`, `Nombre`, `apodo`, `Conferencia`, `Division`) VALUES
(1, 'Boston Celtics', 'Boston', 1, 1),
(2, 'Brooklyn Nets', 'Brooklyn', 1, 1),
(3, 'New York Knicks', 'Knicks', 1, 1),
(4, 'Philadelphia 76ers', 'Philadelphia', 1, 1),
(5, 'Toronto Raptors', 'Toronto', 1, 1),
(6, 'Chicago Bulls', 'Bulls', 1, 3),
(7, 'Cleveland Cavaliers', 'Cavaliers', 1, 3),
(8, 'Detroit Pistons', 'Pistons', 1, 3),
(9, 'Indiana Pacers', 'Indiana', 1, 3),
(10, 'Milwaukee Bucks', 'Bucks', 1, 3),
(11, 'Denver Nuggets', 'Denver', 2, 5),
(12, 'Minnesota Timberwolves', 'Minnesota', 2, 5),
(13, 'Oklahoma City Thunder', 'Okc', 2, 5),
(14, 'Portland Trail Blazers', 'Blazers', 2, 5),
(15, 'Utah Jazz', 'Jazz', 2, 5),
(16, 'Golden State Warriors', 'Warriors', 2, 2),
(17, 'LA Clippers', 'Clippers', 2, 2),
(18, ' Los Angeles Lakers', 'Lakers', 2, 2),
(19, 'Phoenix Suns', 'Suns', 2, 2),
(20, 'Sacramento Kings', 'Kings', 2, 2),
(21, 'Atlanta Hawks', 'Atlanta', 1, 4),
(22, 'Charlotte Hornets', 'Hornets', 1, 4),
(23, 'Miami Heat', 'Miami', 1, 4),
(24, 'Orlando Magic', 'Orlando', 1, 4),
(25, 'Washington Wizards', 'Wizards', 1, 4),
(26, 'Dallas Mavericks', 'Dallas', 2, 6),
(27, 'Houston Rockets', 'Rockets', 2, 6),
(28, 'Memphis Grizzlies', 'Memphis', 2, 6),
(29, 'New Orleans Pelicans', 'Pelicans', 2, 6),
(30, 'San Antonio Spurs', 'Spurs', 2, 6);

-- --------------------------------------------------------

--
-- Estructura de tabla para la tabla `posiciones`
--

CREATE TABLE `posiciones` (
  `id` tinyint(11) NOT NULL,
  `posicion` varchar(50) NOT NULL,
  `abreviatura` varchar(11) NOT NULL
) ENGINE=InnoDB DEFAULT CHARSET=utf8mb4 COLLATE=utf8mb4_general_ci;

--
-- Volcado de datos para la tabla `posiciones`
--

INSERT INTO `posiciones` (`id`, `posicion`, `abreviatura`) VALUES
(1, 'Base', 'B'),
(2, 'Escolta', 'E'),
(3, 'Alero', 'A'),
(4, 'Ala-pivot', 'AP'),
(5, 'Pivot', 'P');

-- --------------------------------------------------------

--
-- Estructura de tabla para la tabla `universidades`
--

CREATE TABLE `universidades` (
  `id` smallint(11) NOT NULL,
  `Nombre` varchar(50) NOT NULL
) ENGINE=InnoDB DEFAULT CHARSET=utf8mb4 COLLATE=utf8mb4_general_ci;

--
-- Volcado de datos para la tabla `universidades`
--

INSERT INTO `universidades` (`id`, `Nombre`) VALUES
(1, 'California'),
(2, 'Alabama'),
(3, 'Rutgers'),
(4, 'Virginia'),
(5, 'UCLA'),
(6, 'Florida'),
(7, 'Vanderbilt'),
(8, 'USC'),
(9, 'Oregon'),
(10, 'Utah State'),
(11, 'Creighton'),
(12, 'Cal State Northridge'),
(13, 'Tennessee'),
(14, 'Duke'),
(15, 'Michigan State'),
(16, 'Miami'),
(17, 'Arkansas'),
(18, 'Gonzaga'),
(19, 'Colorado'),
(20, 'Georgia'),
(21, 'North Carolina'),
(22, 'UConn'),
(23, 'SMU'),
(24, 'LSU'),
(25, 'Stanford'),
(26, 'Kansas'),
(27, 'Memphis'),
(28, 'Indiana'),
(29, 'Villanova'),
(30, 'Marquette'),
(31, 'West Virginia'),
(32, 'Auburn'),
(33, 'Murray State'),
(34, 'Wichita State'),
(35, 'Texas'),
(36, 'Kentucky'),
(37, 'NC State'),
(38, 'Rhode Island'),
(39, 'Rice'),
(40, 'Fresno State'),
(41, 'Boston College'),
(42, 'Nevada'),
(43, 'Syracuse'),
(44, 'Butler'),
(45, 'Florida State'),
(46, 'Ohio State'),
(47, 'Utah'),
(48, 'Maryland'),
(49, 'Baylor'),
(50, 'San Francisco'),
(51, 'Texas Tech'),
(52, 'Seton Hall'),
(53, 'Houston'),
(54, 'South Carolina Upstate'),
(55, 'Illinois'),
(56, 'Iowa State'),
(57, 'Louisiana Tech'),
(58, 'Arizona'),
(59, 'Eastern Michigan'),
(60, 'St. John\'s'),
(61, 'Richmond'),
(62, 'Michigan'),
(63, 'Louisville'),
(64, 'DePaul'),
(65, 'Kansas State'),
(66, 'Oklahoma State'),
(67, 'Princeton'),
(68, 'Purdue'),
(69, 'Wake Forest'),
(70, 'Boston University'),
(71, 'Mississippi State'),
(72, 'Penn State'),
(73, 'Washington'),
(74, 'Akron'),
(75, 'Texas A&M'),
(76, 'Belmont'),
(77, 'New Mexico State'),
(78, 'Dayton'),
(79, 'Notre Dame'),
(80, 'Northern Iowa'),
(81, 'Weber State'),
(82, 'Toledo'),
(83, 'Clemson'),
(84, 'Siena'),
(85, 'Missouri'),
(86, 'Virginia Tech'),
(87, 'South Carolina'),
(88, 'Iowa'),
(89, 'Arizona State'),
(90, 'Saint Mary\'s'),
(91, 'Bradley'),
(92, 'UC Santa Barbara'),
(93, 'Santa Clara'),
(94, 'TCU'),
(95, 'Nebraska'),
(96, 'Providence'),
(97, 'Oregon State'),
(98, 'UCF'),
(99, 'Wisconsin'),
(100, 'Ohio'),
(101, 'Davidson'),
(102, 'Oklahoma'),
(103, 'Pittsburgh'),
(104, 'Cal State Fullerton'),
(105, 'Northwestern'),
(106, 'Minnesota'),
(107, 'Delaware'),
(108, 'UNLV'),
(109, 'VCU'),
(110, 'San Diego State'),
(111, 'Saint Louis'),
(112, 'Pepperdine'),
(113, 'Xavier'),
(114, 'Georgia Tech'),
(115, 'Washington State'),
(116, 'Austin Peay'),
(117, 'Truman State'),
(118, 'Stephen F. Austin'),
(119, 'Lipscomb'),
(120, 'Wyoming'),
(121, 'Bowling Green'),
(122, 'Colorado State'),
(123, 'UTSA'),
(124, 'Saint Joseph\'s'),
(125, 'Western Texas Coll. (J.C.)'),
(126, 'Wheeling Jesuit'),
(127, 'Furman'),
(128, 'Milwaukee'),
(129, 'Ole Miss'),
(130, 'Georgetown'),
(131, 'Buffalo'),
(132, 'Loyola (MD)'),
(133, 'Yale'),
(134, 'Oakland'),
(135, 'Radford'),
(136, 'UAB'),
(137, 'Lehigh'),
(138, 'Chattanooga'),
(139, 'Western Kentucky'),
(140, 'Morehead State'),
(141, 'No fue a la universidad');

--
-- Índices para tablas volcadas
--

--
-- Indices de la tabla `conferencias`
--
ALTER TABLE `conferencias`
  ADD PRIMARY KEY (`id`);

--
-- Indices de la tabla `datos_jugadores`
--
ALTER TABLE `datos_jugadores`
  ADD PRIMARY KEY (`id`),
  ADD KEY `Equipo` (`Equipo`),
  ADD KEY `Posicion` (`Posicion`);

--
-- Indices de la tabla `division`
--
ALTER TABLE `division`
  ADD PRIMARY KEY (`id`),
  ADD KEY `Conferencia` (`Conferencia`);

--
-- Indices de la tabla `equipos`
--
ALTER TABLE `equipos`
  ADD PRIMARY KEY (`id`),
  ADD KEY `Conferencia` (`Conferencia`),
  ADD KEY `Division` (`Division`);

--
-- Indices de la tabla `posiciones`
--
ALTER TABLE `posiciones`
  ADD PRIMARY KEY (`id`);

--
-- Indices de la tabla `universidades`
--
ALTER TABLE `universidades`
  ADD PRIMARY KEY (`id`);

--
-- AUTO_INCREMENT de las tablas volcadas
--

--
-- AUTO_INCREMENT de la tabla `conferencias`
--
ALTER TABLE `conferencias`
  MODIFY `id` tinyint(11) NOT NULL AUTO_INCREMENT, AUTO_INCREMENT=3;

--
-- AUTO_INCREMENT de la tabla `datos_jugadores`
--
ALTER TABLE `datos_jugadores`
  MODIFY `id` int(11) NOT NULL AUTO_INCREMENT, AUTO_INCREMENT=613;

--
-- AUTO_INCREMENT de la tabla `division`
--
ALTER TABLE `division`
  MODIFY `id` tinyint(11) NOT NULL AUTO_INCREMENT, AUTO_INCREMENT=7;

--
-- AUTO_INCREMENT de la tabla `equipos`
--
ALTER TABLE `equipos`
  MODIFY `id` int(11) NOT NULL AUTO_INCREMENT, AUTO_INCREMENT=31;

--
-- AUTO_INCREMENT de la tabla `posiciones`
--
ALTER TABLE `posiciones`
  MODIFY `id` tinyint(11) NOT NULL AUTO_INCREMENT, AUTO_INCREMENT=6;

--
-- AUTO_INCREMENT de la tabla `universidades`
--
ALTER TABLE `universidades`
  MODIFY `id` smallint(11) NOT NULL AUTO_INCREMENT, AUTO_INCREMENT=142;

--
-- Restricciones para tablas volcadas
--

--
-- Filtros para la tabla `datos_jugadores`
--
ALTER TABLE `datos_jugadores`
  ADD CONSTRAINT `datos_jugadores_ibfk_1` FOREIGN KEY (`Posicion`) REFERENCES `posiciones` (`id`);

--
-- Filtros para la tabla `division`
--
ALTER TABLE `division`
  ADD CONSTRAINT `division_ibfk_1` FOREIGN KEY (`Conferencia`) REFERENCES `conferencias` (`id`);

--
-- Filtros para la tabla `equipos`
--
ALTER TABLE `equipos`
  ADD CONSTRAINT `equipos_ibfk_1` FOREIGN KEY (`Division`) REFERENCES `division` (`id`);
COMMIT;

/*!40101 SET CHARACTER_SET_CLIENT=@OLD_CHARACTER_SET_CLIENT */;
/*!40101 SET CHARACTER_SET_RESULTS=@OLD_CHARACTER_SET_RESULTS */;
/*!40101 SET COLLATION_CONNECTION=@OLD_COLLATION_CONNECTION */;
